{
  "indexes": [
    {
      "collectionGroup": "bills",
      "queryScope": "COLLECTION",
      "fields": [
        { "fieldPath": "partyPhone", "order": "ASCENDING" },
        { "fieldPath": "date", "order": "ASCENDING" },
        { "fieldPath": "__name__", "order": "ASCENDING" }
      ]
    },
    {
      "collectionGroup": "bills",
      "queryScope": "COLLECTION",
      "fields": [
        { "fieldPath": "partyPhone", "order": "ASCENDING" },
        { "fieldPath": "date", "order": "DESCENDING" },
        { "fieldPath": "__name__", "order": "DESCENDING" }
      ]
    },
    {
      "collectionGroup": "bills",
      "queryScope": "COLLECTION",
      "fields": [
        { "fieldPath": "status", "order": "ASCENDING" },
        { "fieldPath": "date", "order": "ASCENDING" },
        { "fieldPath": "__name__", "order": "ASCENDING" }
      ]
    },
    {
      "collectionGroup": "bills",
      "queryScope": "COLLECTION",
      "fields": [
        { "fieldPath": "status", "order": "ASCENDING" },
        { "fieldPath": "date", "order": "DESCENDING" },
        { "fieldPath": "__name__", "order": "DESCENDING" }
      ]
    },
    {
      "collectionGroup": "bills",
      "queryScope": "COLLECTION",
      "fields": [
        { "fieldPath": "partyPhone", "order": "ASCENDING" },
        { "fieldPath": "status", "order": "ASCENDING" },
        { "fieldPath": "date", "order": "ASCENDING" },
        { "fieldPath": "__name__", "order": "ASCENDING" }
      ]
    },
    {
      "collectionGroup": "bills",
      "queryScope": "COLLECTION",
      "fields": [
        { "fieldPath": "partyPhone", "order": "ASCENDING" },
        { "fieldPath": "status", "order": "ASCENDING" },
        { "fieldPath": "date", "order": "DESCENDING" },
        { "fieldPath": "__name__", "order": "DESCENDING" }
      ]
    },
    {
      "collectionGroup": "bills",
      "queryScope": "COLLECTION",
      "fields": [
        { "fieldPath": "partyPhone", "order": "ASCENDING" },
        { "fieldPath": "due", "order": "ASCENDING" },
        { "fieldPath": "status", "order": "ASCENDING" },
        { "fieldPath": "date", "order": "ASCENDING" },
        { "fieldPath": "__name__", "order": "ASCENDING" }
      ]
    },
    {
      "collectionGroup": "payments",
      "queryScope": "COLLECTION",
      "fields": [
        { "fieldPath": "partyPhone", "order": "ASCENDING" },
        { "fieldPath": "date", "order": "ASCENDING" },
        { "fieldPath": "__name__", "order": "ASCENDING" }
      ]
    },
    {
      "collectionGroup": "payments",
      "queryScope": "COLLECTION",
      "fields": [
        { "fieldPath": "partyPhone", "order": "ASCENDING" },
        { "fieldPath": "date", "order": "DESCENDING" },
        { "fieldPath": "__name__", "order": "DESCENDING" }
      ]
    }
  ],
  "fieldOverrides": []
}